{
  "weights": [
    0.5039798511699506,
    0.49602014883004947,
    0.0
  ],
  "aucs": [
    1.0,
    0.9921031542020745,
    0.5
  ]
}